Feature,Mean_Absolute_SHAP
Insulin_Levels,0.046095863889743766
Fructosamine_Levels,0.04240289227866611
AST,0.04044984576346202
HOMA_IR,0.04024264169959799
Proinsulin_Levels,0.03528423528077696
Family_History_of_Diabetes,0.033354235745508956
ALT,0.03327393013665903
Uric_Acid_Levels,0.03149806697620386
C_Peptide,0.027370099719611893
Creatinine_Levels,0.02723200889931814
OGTT,0.0252770946132099
LDL_Cholesterol,0.021696793576506272
CRP_Levels,0.015544176182568054
Fasting_Blood_Glucose,0.011812610812330218
Obesity,0.008766398060341915
PCOS,0.00584848820439817
Sleep_Apnea,0.005371661019361946
eGFR,0.005331277935230094
Smoking,0.005094992567517164
HDL_Cholesterol,0.004583512869619947
Diet,0.003762150091607841
Gestational_Diabetes,0.002830783226850308
Hypertension,0.000653894661497367
Blood_Pressure_Diastolic,0.00042129192957518735
Alcohol_Consumption,0.00038470550861398946
HbA1c,0.00031489715302562664
Random_Blood_Glucose,0.0002393676688468618
Postprandial_Blood_Glucose,0.0
Microalbuminuria,0.0
Triglyceride_Levels,0.0
Waist_Circumference,0.0
BMI,0.0
Blood_Pressure_Systolic,0.0
Physical_Activity,0.0
